frame;time_epoch;time_utc;dt_prev_s;src;dst;vlan_id;vlan_prio;appid;reserved1;reserved2;gocbRef;datSet;goID;timeAllowedToLive;t_utc;t_flags;stNum;sqNum;simulation;confRev;ndsCom;numDatSetEntries;n_items;data_flat;parse_error
1;1791191921.385938;2026-10-05T09:18:41.385Z;;20:bb:76:91:64:1a;01:0c:cd:01:3d:65;7;4;3685;0x0000;0x0000;XSCT1M01SMNPBMUCM1/LLN0$GO$GseBCU_Op_gocb;XSCT1M01SMNPBMUCM1/LLN0$ds_GseBCU_Op;XSCT1M01SMNPBMUCM1/LLN0.GseBCU_Op_gocb;4000;1984-01-01T05:01:30.152Z;acc=10;1;919;False;1;False;6;6;boolean=True | bit-string=0000000000000(validity=good) | utc-time=1970-01-01T00:01:25.754Z(ClockNotSynchronized,acc=10) | boolean=False | bit-string=0000000000000(validity=good) | utc-time=2010-01-01T00:00:00.000Z(ClockNotSynchronized,acc=10);
2;1791191923.385461;2026-10-05T09:18:43.385Z;1.999524;20:bb:76:91:64:1a;01:0c:cd:01:3d:65;7;4;3685;0x0000;0x0000;XSCT1M01SMNPBMUCM1/LLN0$GO$GseBCU_Op_gocb;XSCT1M01SMNPBMUCM1/LLN0$ds_GseBCU_Op;XSCT1M01SMNPBMUCM1/LLN0.GseBCU_Op_gocb;4000;1984-01-01T05:01:30.152Z;acc=10;1;920;False;1;False;6;6;boolean=True | bit-string=0000000000000(validity=good) | utc-time=1970-01-01T00:01:25.754Z(ClockNotSynchronized,acc=10) | boolean=False | bit-string=0000000000000(validity=good) | utc-time=2010-01-01T00:00:00.000Z(ClockNotSynchronized,acc=10);
3;1791191925.385743;2026-10-05T09:18:45.385Z;2.000282;20:bb:76:91:64:1a;01:0c:cd:01:3d:65;7;4;3685;0x0000;0x0000;XSCT1M01SMNPBMUCM1/LLN0$GO$GseBCU_Op_gocb;XSCT1M01SMNPBMUCM1/LLN0$ds_GseBCU_Op;XSCT1M01SMNPBMUCM1/LLN0.GseBCU_Op_gocb;4000;1984-01-01T05:01:30.152Z;acc=10;1;921;False;1;False;6;6;boolean=True | bit-string=0000000000000(validity=good) | utc-time=1970-01-01T00:01:25.754Z(ClockNotSynchronized,acc=10) | boolean=False | bit-string=0000000000000(validity=good) | utc-time=2010-01-01T00:00:00.000Z(ClockNotSynchronized,acc=10);
4;1791191927.385127;2026-10-05T09:18:47.385Z;1.999384;20:bb:76:91:64:1a;01:0c:cd:01:3d:65;7;4;3685;0x0000;0x0000;XSCT1M01SMNPBMUCM1/LLN0$GO$GseBCU_Op_gocb;XSCT1M01SMNPBMUCM1/LLN0$ds_GseBCU_Op;XSCT1M01SMNPBMUCM1/LLN0.GseBCU_Op_gocb;4000;1984-01-01T05:01:30.152Z;acc=10;1;922;False;1;False;6;6;boolean=True | bit-string=0000000000000(validity=good) | utc-time=1970-01-01T00:01:25.754Z(ClockNotSynchronized,acc=10) | boolean=False | bit-string=0000000000000(validity=good) | utc-time=2010-01-01T00:00:00.000Z(ClockNotSynchronized,acc=10);
5;1791191929.385794;2026-10-05T09:18:49.385Z;2.000668;20:bb:76:91:64:1a;01:0c:cd:01:3d:65;7;4;3685;0x0000;0x0000;XSCT1M01SMNPBMUCM1/LLN0$GO$GseBCU_Op_gocb;XSCT1M01SMNPBMUCM1/LLN0$ds_GseBCU_Op;XSCT1M01SMNPBMUCM1/LLN0.GseBCU_Op_gocb;4000;1984-01-01T05:01:30.152Z;acc=10;1;923;False;1;False;6;6;boolean=True | bit-string=0000000000000(validity=good) | utc-time=1970-01-01T00:01:25.754Z(ClockNotSynchronized,acc=10) | boolean=False | bit-string=0000000000000(validity=good) | utc-time=2010-01-01T00:00:00.000Z(ClockNotSynchronized,acc=10);
6;1791191931.442961;2026-10-05T09:18:51.442Z;2.057166;20:bb:76:91:64:1a;01:0c:cd:01:3d:65;7;4;3685;0x0000;0x0000;XSCT1M01SMNPBMUCM1/LLN0$GO$GseBCU_Op_gocb;XSCT1M01SMNPBMUCM1/LLN0$ds_GseBCU_Op;XSCT1M01SMNPBMUCM1/LLN0.GseBCU_Op_gocb;4000;1984-01-01T05:01:30.152Z;acc=10;1;924;False;1;False;6;6;boolean=True | bit-string=0000000000000(validity=good) | utc-time=1970-01-01T00:01:25.754Z(ClockNotSynchronized,acc=10) | boolean=False | bit-string=0000000000000(validity=good) | utc-time=2010-01-01T00:00:00.000Z(ClockNotSynchronized,acc=10);
7;1791191933.385901;2026-10-05T09:18:53.385Z;1.942941;20:bb:76:91:64:1a;01:0c:cd:01:3d:65;7;4;3685;0x0000;0x0000;XSCT1M01SMNPBMUCM1/LLN0$GO$GseBCU_Op_gocb;XSCT1M01SMNPBMUCM1/LLN0$ds_GseBCU_Op;XSCT1M01SMNPBMUCM1/LLN0.GseBCU_Op_gocb;4000;1984-01-01T05:01:30.152Z;acc=10;1;925;False;1;False;6;6;boolean=True | bit-string=0000000000000(validity=good) | utc-time=1970-01-01T00:01:25.754Z(ClockNotSynchronized,acc=10) | boolean=False | bit-string=0000000000000(validity=good) | utc-time=2010-01-01T00:00:00.000Z(ClockNotSynchronized,acc=10);
8;1791191935.385897;2026-10-05T09:18:55.385Z;1.999995;20:bb:76:91:64:1a;01:0c:cd:01:3d:65;7;4;3685;0x0000;0x0000;XSCT1M01SMNPBMUCM1/LLN0$GO$GseBCU_Op_gocb;XSCT1M01SMNPBMUCM1/LLN0$ds_GseBCU_Op;XSCT1M01SMNPBMUCM1/LLN0.GseBCU_Op_gocb;4000;1984-01-01T05:01:30.152Z;acc=10;1;926;False;1;False;6;6;boolean=True | bit-string=0000000000000(validity=good) | utc-time=1970-01-01T00:01:25.754Z(ClockNotSynchronized,acc=10) | boolean=False | bit-string=0000000000000(validity=good) | utc-time=2010-01-01T00:00:00.000Z(ClockNotSynchronized,acc=10);
9;1791191937.385907;2026-10-05T09:18:57.385Z;2.000010;20:bb:76:91:64:1a;01:0c:cd:01:3d:65;7;4;3685;0x0000;0x0000;XSCT1M01SMNPBMUCM1/LLN0$GO$GseBCU_Op_gocb;XSCT1M01SMNPBMUCM1/LLN0$ds_GseBCU_Op;XSCT1M01SMNPBMUCM1/LLN0.GseBCU_Op_gocb;4000;1984-01-01T05:01:30.152Z;acc=10;1;927;False;1;False;6;6;boolean=True | bit-string=0000000000000(validity=good) | utc-time=1970-01-01T00:01:25.754Z(ClockNotSynchronized,acc=10) | boolean=False | bit-string=0000000000000(validity=good) | utc-time=2010-01-01T00:00:00.000Z(ClockNotSynchronized,acc=10);
10;1791191939.386000;2026-10-05T09:18:59.386Z;2.000093;20:bb:76:91:64:1a;01:0c:cd:01:3d:65;7;4;3685;0x0000;0x0000;XSCT1M01SMNPBMUCM1/LLN0$GO$GseBCU_Op_gocb;XSCT1M01SMNPBMUCM1/LLN0$ds_GseBCU_Op;XSCT1M01SMNPBMUCM1/LLN0.GseBCU_Op_gocb;4000;1984-01-01T05:01:30.152Z;acc=10;1;928;False;1;False;6;6;boolean=True | bit-string=0000000000000(validity=good) | utc-time=1970-01-01T00:01:25.754Z(ClockNotSynchronized,acc=10) | boolean=False | bit-string=0000000000000(validity=good) | utc-time=2010-01-01T00:00:00.000Z(ClockNotSynchronized,acc=10);
11;1791191941.514168;2026-10-05T09:19:01.514Z;2.128167;20:bb:76:91:64:1a;01:0c:cd:01:3d:65;7;4;3685;0x0000;0x0000;XSCT1M01SMNPBMUCM1/LLN0$GO$GseBCU_Op_gocb;XSCT1M01SMNPBMUCM1/LLN0$ds_GseBCU_Op;XSCT1M01SMNPBMUCM1/LLN0.GseBCU_Op_gocb;4000;1984-01-01T05:01:30.152Z;acc=10;1;929;False;1;False;6;6;boolean=True | bit-string=0000000000000(validity=good) | utc-time=1970-01-01T00:01:25.754Z(ClockNotSynchronized,acc=10) | boolean=False | bit-string=0000000000000(validity=good) | utc-time=2010-01-01T00:00:00.000Z(ClockNotSynchronized,acc=10);
12;1791191943.385980;2026-10-05T09:19:03.385Z;1.871812;20:bb:76:91:64:1a;01:0c:cd:01:3d:65;7;4;3685;0x0000;0x0000;XSCT1M01SMNPBMUCM1/LLN0$GO$GseBCU_Op_gocb;XSCT1M01SMNPBMUCM1/LLN0$ds_GseBCU_Op;XSCT1M01SMNPBMUCM1/LLN0.GseBCU_Op_gocb;4000;1984-01-01T05:01:30.152Z;acc=10;1;930;False;1;False;6;6;boolean=True | bit-string=0000000000000(validity=good) | utc-time=1970-01-01T00:01:25.754Z(ClockNotSynchronized,acc=10) | boolean=False | bit-string=0000000000000(validity=good) | utc-time=2010-01-01T00:00:00.000Z(ClockNotSynchronized,acc=10);
13;1791191945.385990;2026-10-05T09:19:05.385Z;2.000010;20:bb:76:91:64:1a;01:0c:cd:01:3d:65;7;4;3685;0x0000;0x0000;XSCT1M01SMNPBMUCM1/LLN0$GO$GseBCU_Op_gocb;XSCT1M01SMNPBMUCM1/LLN0$ds_GseBCU_Op;XSCT1M01SMNPBMUCM1/LLN0.GseBCU_Op_gocb;4000;1984-01-01T05:01:30.152Z;acc=10;1;931;False;1;False;6;6;boolean=True | bit-string=0000000000000(validity=good) | utc-time=1970-01-01T00:01:25.754Z(ClockNotSynchronized,acc=10) | boolean=False | bit-string=0000000000000(validity=good) | utc-time=2010-01-01T00:00:00.000Z(ClockNotSynchronized,acc=10);
14;1791191947.388397;2026-10-05T09:19:07.388Z;2.002406;20:bb:76:91:64:1a;01:0c:cd:01:3d:65;7;4;3685;0x0000;0x0000;XSCT1M01SMNPBMUCM1/LLN0$GO$GseBCU_Op_gocb;XSCT1M01SMNPBMUCM1/LLN0$ds_GseBCU_Op;XSCT1M01SMNPBMUCM1/LLN0.GseBCU_Op_gocb;4000;1984-01-01T05:01:30.152Z;acc=10;1;932;False;1;False;6;6;boolean=True | bit-string=0000000000000(validity=good) | utc-time=1970-01-01T00:01:25.754Z(ClockNotSynchronized,acc=10) | boolean=False | bit-string=0000000000000(validity=good) | utc-time=2010-01-01T00:00:00.000Z(ClockNotSynchronized,acc=10);
15;1791191949.385525;2026-10-05T09:19:09.385Z;1.997128;20:bb:76:91:64:1a;01:0c:cd:01:3d:65;7;4;3685;0x0000;0x0000;XSCT1M01SMNPBMUCM1/LLN0$GO$GseBCU_Op_gocb;XSCT1M01SMNPBMUCM1/LLN0$ds_GseBCU_Op;XSCT1M01SMNPBMUCM1/LLN0.GseBCU_Op_gocb;4000;1984-01-01T05:01:30.152Z;acc=10;1;933;False;1;False;6;6;boolean=True | bit-string=0000000000000(validity=good) | utc-time=1970-01-01T00:01:25.754Z(ClockNotSynchronized,acc=10) | boolean=False | bit-string=0000000000000(validity=good) | utc-time=2010-01-01T00:00:00.000Z(ClockNotSynchronized,acc=10);
16;1791191951.386097;2026-10-05T09:19:11.386Z;2.000572;20:bb:76:91:64:1a;01:0c:cd:01:3d:65;7;4;3685;0x0000;0x0000;XSCT1M01SMNPBMUCM1/LLN0$GO$GseBCU_Op_gocb;XSCT1M01SMNPBMUCM1/LLN0$ds_GseBCU_Op;XSCT1M01SMNPBMUCM1/LLN0.GseBCU_Op_gocb;4000;1984-01-01T05:01:30.152Z;acc=10;1;934;False;1;False;6;6;boolean=True | bit-string=0000000000000(validity=good) | utc-time=1970-01-01T00:01:25.754Z(ClockNotSynchronized,acc=10) | boolean=False | bit-string=0000000000000(validity=good) | utc-time=2010-01-01T00:00:00.000Z(ClockNotSynchronized,acc=10);
17;1791191953.387319;2026-10-05T09:19:13.387Z;2.001222;20:bb:76:91:64:1a;01:0c:cd:01:3d:65;7;4;3685;0x0000;0x0000;XSCT1M01SMNPBMUCM1/LLN0$GO$GseBCU_Op_gocb;XSCT1M01SMNPBMUCM1/LLN0$ds_GseBCU_Op;XSCT1M01SMNPBMUCM1/LLN0.GseBCU_Op_gocb;4000;1984-01-01T05:01:30.152Z;acc=10;1;935;False;1;False;6;6;boolean=True | bit-string=0000000000000(validity=good) | utc-time=1970-01-01T00:01:25.754Z(ClockNotSynchronized,acc=10) | boolean=False | bit-string=0000000000000(validity=good) | utc-time=2010-01-01T00:00:00.000Z(ClockNotSynchronized,acc=10);
18;1791191955.386145;2026-10-05T09:19:15.386Z;1.998827;20:bb:76:91:64:1a;01:0c:cd:01:3d:65;7;4;3685;0x0000;0x0000;XSCT1M01SMNPBMUCM1/LLN0$GO$GseBCU_Op_gocb;XSCT1M01SMNPBMUCM1/LLN0$ds_GseBCU_Op;XSCT1M01SMNPBMUCM1/LLN0.GseBCU_Op_gocb;4000;1984-01-01T05:01:30.152Z;acc=10;1;936;False;1;False;6;6;boolean=True | bit-string=0000000000000(validity=good) | utc-time=1970-01-01T00:01:25.754Z(ClockNotSynchronized,acc=10) | boolean=False | bit-string=0000000000000(validity=good) | utc-time=2010-01-01T00:00:00.000Z(ClockNotSynchronized,acc=10);
19;1791191957.386159;2026-10-05T09:19:17.386Z;2.000014;20:bb:76:91:64:1a;01:0c:cd:01:3d:65;7;4;3685;0x0000;0x0000;XSCT1M01SMNPBMUCM1/LLN0$GO$GseBCU_Op_gocb;XSCT1M01SMNPBMUCM1/LLN0$ds_GseBCU_Op;XSCT1M01SMNPBMUCM1/LLN0.GseBCU_Op_gocb;4000;1984-01-01T05:01:30.152Z;acc=10;1;937;False;1;False;6;6;boolean=True | bit-string=0000000000000(validity=good) | utc-time=1970-01-01T00:01:25.754Z(ClockNotSynchronized,acc=10) | boolean=False | bit-string=0000000000000(validity=good) | utc-time=2010-01-01T00:00:00.000Z(ClockNotSynchronized,acc=10);
20;1791191959.386190;2026-10-05T09:19:19.386Z;2.000031;20:bb:76:91:64:1a;01:0c:cd:01:3d:65;7;4;3685;0x0000;0x0000;XSCT1M01SMNPBMUCM1/LLN0$GO$GseBCU_Op_gocb;XSCT1M01SMNPBMUCM1/LLN0$ds_GseBCU_Op;XSCT1M01SMNPBMUCM1/LLN0.GseBCU_Op_gocb;4000;1984-01-01T05:01:30.152Z;acc=10;1;938;False;1;False;6;6;boolean=True | bit-string=0000000000000(validity=good) | utc-time=1970-01-01T00:01:25.754Z(ClockNotSynchronized,acc=10) | boolean=False | bit-string=0000000000000(validity=good) | utc-time=2010-01-01T00:00:00.000Z(ClockNotSynchronized,acc=10);
21;1791191961.387362;2026-10-05T09:19:21.387Z;2.001172;20:bb:76:91:64:1a;01:0c:cd:01:3d:65;7;4;3685;0x0000;0x0000;XSCT1M01SMNPBMUCM1/LLN0$GO$GseBCU_Op_gocb;XSCT1M01SMNPBMUCM1/LLN0$ds_GseBCU_Op;XSCT1M01SMNPBMUCM1/LLN0.GseBCU_Op_gocb;4000;1984-01-01T05:01:30.152Z;acc=10;1;939;False;1;False;6;6;boolean=True | bit-string=0000000000000(validity=good) | utc-time=1970-01-01T00:01:25.754Z(ClockNotSynchronized,acc=10) | boolean=False | bit-string=0000000000000(validity=good) | utc-time=2010-01-01T00:00:00.000Z(ClockNotSynchronized,acc=10);
22;1791191963.386208;2026-10-05T09:19:23.386Z;1.998846;20:bb:76:91:64:1a;01:0c:cd:01:3d:65;7;4;3685;0x0000;0x0000;XSCT1M01SMNPBMUCM1/LLN0$GO$GseBCU_Op_gocb;XSCT1M01SMNPBMUCM1/LLN0$ds_GseBCU_Op;XSCT1M01SMNPBMUCM1/LLN0.GseBCU_Op_gocb;4000;1984-01-01T05:01:30.152Z;acc=10;1;940;False;1;False;6;6;boolean=True | bit-string=0000000000000(validity=good) | utc-time=1970-01-01T00:01:25.754Z(ClockNotSynchronized,acc=10) | boolean=False | bit-string=0000000000000(validity=good) | utc-time=2010-01-01T00:00:00.000Z(ClockNotSynchronized,acc=10);
23;1791191965.430928;2026-10-05T09:19:25.430Z;2.044720;20:bb:76:91:64:1a;01:0c:cd:01:3d:65;7;4;3685;0x0000;0x0000;XSCT1M01SMNPBMUCM1/LLN0$GO$GseBCU_Op_gocb;XSCT1M01SMNPBMUCM1/LLN0$ds_GseBCU_Op;XSCT1M01SMNPBMUCM1/LLN0.GseBCU_Op_gocb;4000;1984-01-01T05:01:30.152Z;acc=10;1;941;False;1;False;6;6;boolean=True | bit-string=0000000000000(validity=good) | utc-time=1970-01-01T00:01:25.754Z(ClockNotSynchronized,acc=10) | boolean=False | bit-string=0000000000000(validity=good) | utc-time=2010-01-01T00:00:00.000Z(ClockNotSynchronized,acc=10);
24;1791191967.386245;2026-10-05T09:19:27.386Z;1.955317;20:bb:76:91:64:1a;01:0c:cd:01:3d:65;7;4;3685;0x0000;0x0000;XSCT1M01SMNPBMUCM1/LLN0$GO$GseBCU_Op_gocb;XSCT1M01SMNPBMUCM1/LLN0$ds_GseBCU_Op;XSCT1M01SMNPBMUCM1/LLN0.GseBCU_Op_gocb;4000;1984-01-01T05:01:30.152Z;acc=10;1;942;False;1;False;6;6;boolean=True | bit-string=0000000000000(validity=good) | utc-time=1970-01-01T00:01:25.754Z(ClockNotSynchronized,acc=10) | boolean=False | bit-string=0000000000000(validity=good) | utc-time=2010-01-01T00:00:00.000Z(ClockNotSynchronized,acc=10);
25;1791191969.386705;2026-10-05T09:19:29.386Z;2.000460;20:bb:76:91:64:1a;01:0c:cd:01:3d:65;7;4;3685;0x0000;0x0000;XSCT1M01SMNPBMUCM1/LLN0$GO$GseBCU_Op_gocb;XSCT1M01SMNPBMUCM1/LLN0$ds_GseBCU_Op;XSCT1M01SMNPBMUCM1/LLN0.GseBCU_Op_gocb;4000;1984-01-01T05:01:30.152Z;acc=10;1;943;False;1;False;6;6;boolean=True | bit-string=0000000000000(validity=good) | utc-time=1970-01-01T00:01:25.754Z(ClockNotSynchronized,acc=10) | boolean=False | bit-string=0000000000000(validity=good) | utc-time=2010-01-01T00:00:00.000Z(ClockNotSynchronized,acc=10);
26;1791191971.386300;2026-10-05T09:19:31.386Z;1.999595;20:bb:76:91:64:1a;01:0c:cd:01:3d:65;7;4;3685;0x0000;0x0000;XSCT1M01SMNPBMUCM1/LLN0$GO$GseBCU_Op_gocb;XSCT1M01SMNPBMUCM1/LLN0$ds_GseBCU_Op;XSCT1M01SMNPBMUCM1/LLN0.GseBCU_Op_gocb;4000;1984-01-01T05:01:30.152Z;acc=10;1;944;False;1;False;6;6;boolean=True | bit-string=0000000000000(validity=good) | utc-time=1970-01-01T00:01:25.754Z(ClockNotSynchronized,acc=10) | boolean=False | bit-string=0000000000000(validity=good) | utc-time=2010-01-01T00:00:00.000Z(ClockNotSynchronized,acc=10);
27;1791191973.386343;2026-10-05T09:19:33.386Z;2.000043;20:bb:76:91:64:1a;01:0c:cd:01:3d:65;7;4;3685;0x0000;0x0000;XSCT1M01SMNPBMUCM1/LLN0$GO$GseBCU_Op_gocb;XSCT1M01SMNPBMUCM1/LLN0$ds_GseBCU_Op;XSCT1M01SMNPBMUCM1/LLN0.GseBCU_Op_gocb;4000;1984-01-01T05:01:30.152Z;acc=10;1;945;False;1;False;6;6;boolean=True | bit-string=0000000000000(validity=good) | utc-time=1970-01-01T00:01:25.754Z(ClockNotSynchronized,acc=10) | boolean=False | bit-string=0000000000000(validity=good) | utc-time=2010-01-01T00:00:00.000Z(ClockNotSynchronized,acc=10);
28;1791191975.501219;2026-10-05T09:19:35.501Z;2.114876;20:bb:76:91:64:1a;01:0c:cd:01:3d:65;7;4;3685;0x0000;0x0000;XSCT1M01SMNPBMUCM1/LLN0$GO$GseBCU_Op_gocb;XSCT1M01SMNPBMUCM1/LLN0$ds_GseBCU_Op;XSCT1M01SMNPBMUCM1/LLN0.GseBCU_Op_gocb;4000;1984-01-01T05:01:30.152Z;acc=10;1;946;False;1;False;6;6;boolean=True | bit-string=0000000000000(validity=good) | utc-time=1970-01-01T00:01:25.754Z(ClockNotSynchronized,acc=10) | boolean=False | bit-string=0000000000000(validity=good) | utc-time=2010-01-01T00:00:00.000Z(ClockNotSynchronized,acc=10);
29;1791191977.386024;2026-10-05T09:19:37.386Z;1.884805;20:bb:76:91:64:1a;01:0c:cd:01:3d:65;7;4;3685;0x0000;0x0000;XSCT1M01SMNPBMUCM1/LLN0$GO$GseBCU_Op_gocb;XSCT1M01SMNPBMUCM1/LLN0$ds_GseBCU_Op;XSCT1M01SMNPBMUCM1/LLN0.GseBCU_Op_gocb;4000;1984-01-01T05:01:30.152Z;acc=10;1;947;False;1;False;6;6;boolean=True | bit-string=0000000000000(validity=good) | utc-time=1970-01-01T00:01:25.754Z(ClockNotSynchronized,acc=10) | boolean=False | bit-string=0000000000000(validity=good) | utc-time=2010-01-01T00:00:00.000Z(ClockNotSynchronized,acc=10);
30;1791191979.385873;2026-10-05T09:19:39.385Z;1.999849;20:bb:76:91:64:1a;01:0c:cd:01:3d:65;7;4;3685;0x0000;0x0000;XSCT1M01SMNPBMUCM1/LLN0$GO$GseBCU_Op_gocb;XSCT1M01SMNPBMUCM1/LLN0$ds_GseBCU_Op;XSCT1M01SMNPBMUCM1/LLN0.GseBCU_Op_gocb;4000;1984-01-01T05:01:30.152Z;acc=10;1;948;False;1;False;6;6;boolean=True | bit-string=0000000000000(validity=good) | utc-time=1970-01-01T00:01:25.754Z(ClockNotSynchronized,acc=10) | boolean=False | bit-string=0000000000000(validity=good) | utc-time=2010-01-01T00:00:00.000Z(ClockNotSynchronized,acc=10);
